Model Name,Dataset,Language,Source Sentence,Translation,Reference Sentence
Helsinki-NLP/opus-mt-tc-big-en-gmq,WMT,no,"However, Tenuk and Kayel quickly realized they weren't alone. A second dark creature shot out from beneath them, and Tenuk only just managed to avoid a collision.","Men Tenuk og Kayel inns√• raskt at de ikke var alene. En andre m√∏rk skapning sk√∂t ut under dem, og Tenuk klarte bare √• unng√• en kollision.","Tenuk og Kayel inns√• raskt at de ikke var alene. En ny m√∏rk skapning skj√∏t ut under dem, og Tenuk greide s√• vidt √• unng√• en kollisjon."
Helsinki-NLP/opus-mt-tc-big-en-gmq,WMT,no,"Tenuk hesitated, then stepped back, giving himself some space. With a low, slightly pained grunt, Tenuk's body stretched out, his fur replaced with scales and his arms replaced with wings. He quickly turned himself into a normal, light blue Thraki, but his eyes remained red.","Tenuk tvilte, s√• steg tillbaka, vilket gav sig lite utrymme. Med en l√•g, lite smertefull grynt, Tenuks kropp utstr√§ckt, hans p√§ls erstatt med fj√§ll och hans armar erstatt med vingar. Han f√∂rvandlade sig snabbt till en normal, lysebl√• Thraki, men hans √∂gon forblev r√∂da.","Tenuk n√∏lte og gikk litt tilbake for √• gi seg selv litt plass. Med et lavt, litt smertefullt grynt strakk Tenuks kropp seg ut, pelsen hans ble erstattet av skjell, og armene hans erstattet med vinger. Han gjorde seg raskt om til en normal, lysebl√• thraki, men √∏ynene hans forble r√∏de."
Helsinki-NLP/opus-mt-tc-big-en-gmq,WMT,no,"They wondered if she would actually let them enter, unlike the previous times they went to ask. I still have a bruise from the last time. Ivory chuckled from the memory. Kari had thrown a book at their shoulder, but when she saw who it was, she apologized immediately.","De lurte p√• om hun faktisk ville la dem komme inn, i motsetning til de tidligere gangene de gikk for √• sp√∏rre. Jeg har fortsatt en bl√•merke fra sist gang. Elfenben chuckled fra minnet. Kari hadde kastat en bok p√• skulderen, men da hun s√• hvem det var, bad hun om urs√§kt med det samme.","De lurte p√• om hun faktisk ville la dem komme inn, i motsetning til da de hadde spurt tidligere. Jeg har fortsatt et s√•r fra den gangen. Ivory lo av minnet. Kari hadde kastet en bok p√• skulderen deres, men da hun s√• hvem det var, beklaget hun √∏yeblikkelig."
Helsinki-NLP/opus-mt-tc-big-en-gmq,WMT,no,"The ESP didn't go online immediately, let's give it a few minutes.","ESP gick inte online omedelbart, l√•t oss ge det n√•gra minuter.","ESP ble ikke tilkoblet umiddelbart, la oss vente et par minutter."
Helsinki-NLP/opus-mt-tc-big-en-gmq,WMT,no,"Ignacio S√°nchez Recarte, secretary general of the Comit√© Europ√©en des Entreprises Vins trade association representing some 7,000 wine producers across Europe, is dismissive of the concerns of the beer makers. He told Euronews that a market dominated by multinational brewing conglomerates bears no comparison with one comprised almost entirely of small, domestic producers.","Ignacio S√°nchez Recarte, generalsekreterare i Comit√© Europ√©en des Entreprises Vins, som f√∂retr√§der omkring 7000 vinproducenter i Europa, avf√§rdar √∂lproducenternas farh√•gor. Han sa till Euronews att en marknad som domineras av multinationelle bryggerikonglomerater, inte kan j√§mf√∂ras med en som best√•r n√§stan helt av sm√•, inhemska producenter.","Ignacio S√°nchez Recarte, generalsekret√¶r i bransjeorganisasjonen Comit√© Europ√©en des Enterprises Vins, representerer omkring 7000 vinprodusenter i Europa og avviser bekymringene fra √∏lprodusentene. Han sier til Euronews at et marked dominert av multinasjonale storkonsern ikke kan sammenlignes med et marked som nesten bare best√•r av sm√•, innenlandske produsenter."
Helsinki-NLP/opus-mt-tc-big-en-gmq,WMT,no,@user4 @user3 @user5 @user6,@user4 @user3 @user5 @user6,@user4 @user3 @user5 @user6
Helsinki-NLP/opus-mt-tc-big-en-gmq,WMT,no,"Judging by the state of our hospitals, the SNP's talk of recovery plans and action plans is simply that - talk, and dangerous talk at that. We must not allow incompetent politicians to lull us into complicity in the demise of that great British institution, the National Health Service.","Att d√∂ma av tillst√•ndet p√• v√•ra hospitaler, SNPs tal om √•terh√§mtningsplaner och handlingsplaner √§r helt enkelt det - prat, och farligt prat p√• det. Vi f√•r inte l√•ta inkompetente politikere invagga oss i medskyldighet i den stora brittiska institutionens, National Health Service, underg√•ng.","Hvis man skal d√∏mme etter tilstanden p√• sykehusene v√•re, er SNPs snakk om utbedringsplaner og handlingsplaner bare det ‚Äì snakk, og farlig snakk til og med. Vi m√• ikke la inkompetente politikere lure oss til √• bli medskyldige i forfallet til den flotte britiske institusjonen, National Health Service."
Helsinki-NLP/opus-mt-tc-big-en-gmq,WMT,no,üö® breaking news:,breaking news:,üö® Siste nytt:
Helsinki-NLP/opus-mt-tc-big-en-gmq,WMT,no,This song is encapsulates my predicament‚Ä¶,Den h√§r l√•ten er encapsulates min predicament...,Denne sangen er problemet mitt i et n√∏tteskall ...
Helsinki-NLP/opus-mt-tc-big-en-gmq,WMT,no,Both the old and the new Listing titles call it a 12V 10W panel.,B√•de den gamla och den nya Listing titlar kallar det en 12V 10W panel.,B√•de de gamle og nye spesifikasjonene kaller det er 12 V 10 W-panel.
Helsinki-NLP/opus-mt-tc-big-en-gmq,WMT,no,"Isn‚Äôt that funny? We have half the manpower left, and we can‚Äôt even refrain from hurting one another. I hastily sped up, Al‚Äôs was around the corner, so I would be fine inside. A glance behind me ensured that I was no longer being tailed as I stood in front of a bright glowing sign that read, ‚ÄúAlborn‚Äôs Pawnshop!‚Äù With slower steps, I entered once again‚Äìthis place was more under the cover, as Alborn would often take in people who‚Äôd been mutated and snuck into Paltricus. Upon opening the door, the lights had been shut off, interestingly enough‚Äìthere was no Al. No refugees. Nothing. Something wasn‚Äôt right here.","Er det ikke morsomt? Vi har halva arbetskraften kvar, og vi kan inte ens avst√• fra √• s√•re hverandre. Jeg skyndte mig, Al's var runt h√∂rnet, s√• jag ville ikke ha det bra inne. En blick bakom mig s√§kerst√§llde att jag inte l√§ngre var tailed som jeg stod foran en lysende skylt som l√¶ste, ""Alborn's Pawnshop var nok!"" Med langsommere steg, jeg kom inn igen.","Er det ikke rart? Vi har halve arbeidsstyrken igjen, og vi greier ikke √• unng√• √• skade hverandre likevel. Jeg √∏kte farten, AI`s var rett rundt hj√∏rnet, og jeg var trygg p√• innsiden. Med et lite gl√∏tt bak meg forsikret jeg meg om at jeg ikke lenger ble skygget, idet jeg stod foran en lyst, gl√∏dende skilt med teksten ¬´Alborn`s Pawnshop!¬ª. Med langsommere skritt n√¶rmet jeg meg nok en gang ‚Äì dette stedet var mer skjult, siden Alborn ofte tok inn folk som hadde blitt mutert og sneket seg inn i Paltricus. Da jeg √•pnet d√∏ren, var lysene sl√•tt av, men interessant nok var det ingen Al. Ingen flyktninger. Ingenting. Det var noe som ikke stemte."
Helsinki-NLP/opus-mt-tc-big-en-gmq,WMT,no,These good quality stickers are about 50p each. They'll cost the same again to post. And way more in my own time to individually package and send them.,Dessa god kvalitet klisterm√§rken √§r ca 50p varje. De kommer att kosta det samma igen f√∂r att posta. Och mycket mer i min egen tid att individuellt paketera och skicka dem.,Disse klistremerkene av god kvalitet koster rundt 7 kr hver. De vil koste det samme √• postlegge. Og mye mer av min egen tid √• pakke og sende dem enkeltvis.
Helsinki-NLP/opus-mt-tc-big-en-gmq,WMT,no,So the challenges in this are already showing themselves. I'm likely going to have a VERY difficult time getting a medical clearance due to the FAA's stance on certain medications.,S√• utmaningarna i detta visar sig allerede. Jag kommer sannolikt att ha en mycket sv√•r tid att f√• en medicinsk clearance p√• grund av FAA: s inst√§llning till vissa mediciner.,Utfordringene med dette viser seg allerede. Det vil med stor sannsynlighet bli VELDIG vanskelig for meg √• f√• en medisinsk tillatelse p√• grunn av FAAs holdninger til visse medisiner.
Helsinki-NLP/opus-mt-tc-big-en-gmq,WMT,no,And just under the wire basically someone actually beat Trimming the Herbs! Really impressive.,Och precis under ledningen i princip n√•gon faktiskt sl√• Trimming the Herbs! Verkligen imponerande.,Og i siste sekund var det noen som faktisk klarte Trimming the Herbs! Utrolig imponerende.
Helsinki-NLP/opus-mt-tc-big-en-gmq,WMT,no,Yea so I flew this today.,Yea s√• jeg fl√∏j denne i dag.,"Ja, s√• jeg fl√∏y denne i dag."
Helsinki-NLP/opus-mt-tc-big-en-gmq,WMT,no,"So my dad can't give me rides to work. And for me, work is about 27 miles away. So there and back would be nearly a $100 a day with Uber. I haven't looked at Lyft. I could have, I guess, that makes sense. But I didn't have rental on my auto insurance, so that's my fault. So I guess I could have tried to do that and get that set up and tried to get a rental while I was down and out of a car. But even then, a rental wouldn't cover seven days. I'm going to sneeze, hold on. That sneeze sucked.","S√• min pappa kan inte ge mig rider till jobbet. Och f√∂r mig, arbete √§r ca 27 miles away. S√• det och tillbaka skulle vara n√§stan en $ 100 om dagen med Uber sn. Jag har inte tittat p√• Lyft. Jag antar, det er logiskt. Men jeg har inte hyra p√• min bil forsikring, s√• det er min skyld. S√• jeg antar at jeg kunne ha f√∂rs√∂kt att g√∂ra det og f√• det satt upp och f√∂rs√∂kte f√• en bil ut.","S√• faren min kan ikke kj√∏re meg til jobb. For meg er jobben ca. 27 miles unna. S√• turen dit og tilbake ville nesten blitt 100 USD om dagen med Uber. Jeg har ikke sjekket Lyft. Jeg kunne vel ha gjort det. Det gir mening. Men jeg hadde ikke utleie p√• bilforsikringen min, s√• det er min feil. Jeg antar at jeg kunne ha pr√∏vd √• gj√∏re det og f√•tt det p√• plass og pr√∏vd √• f√• meg en leiebil mens jeg var deppa og uten bil. Men selv da ville ikke en leiebil ha dekket syv dager. Jeg m√• nyse, vent litt. Det var en elendig nys."
Helsinki-NLP/opus-mt-tc-big-en-gmq,WMT,no,Saturday Cont:,L√∏rdag Cont:,L√∏rdagskonkurranse:
Helsinki-NLP/opus-mt-tc-big-en-gmq,WMT,no,"Rosendale, a member of the hard-right Freedom Caucus, was one of the individuals who derailed the Wednesday votes. He views the top line number in Johnson's deal as being too high and as doing too little to cut the $34 trillion national debt.","Rosendale, medlem av den hard-right Freedom Caucus, var en av de personer som sp√•rade onsdagsr√∂sterna. Han ser topplinjen i Johnsons aff√§r som f√∂r h√∂g och som g√∂r for lite f√∂r att minska den $ 34 biljoner statsskulden.","Rosendale, medlem av Freedom Caucus ytterst p√• h√∏yrefl√∏yen, var en av personene som sporet av under onsdagens stemming. Han anser topplinjetallet i Johnsons tilbud for √• v√¶re for h√∏yt, samt at det bidrar for lite til √• kutte den nasjonale gjelden p√• 34 billioner amerikanske dollar."
Helsinki-NLP/opus-mt-tc-big-en-gmq,WMT,no,"South Wales four-piece The Now are proud to release their debut album, Too Hot To Handle, via True Music, and Callum joins me now. How are you doing, Callum? How's it going? Yeah, all good. Good, yourself? Yes, I'm very good. Thank you. It's a privilege to speak to yourselves because I've been listening to your music quite a lot since 2023. So I'm just loving the music, and I think it's something that we definitely need in the charts these days.","South Wales fire-piece The Now er stolte over at frigive deres debutalbum, Too Hot To Handle, via True Music, og Callum slutter sig til mig nu. Hvordan har du det, Callum? Hvordan g√•r det? Ja, alt bra. Bra, selv? Ja, jeg er veldig bra. Tak. Det er et privilegium √• snakke med dere fordi jeg har lyttet til din musik en hel del siden 2023. S√• jeg tror bare at vi elsker det charts i musikken.","Firemannsbandet The Now  fra S√∏r-Wales er stolte over √• lansere debutalbumet sitt, Too Hot To Handle, via True Music, og Callum er med meg her. Hvordan g√•r det, Callum? Alt bra? Ja, alt bra. Hva med deg? Jo, jeg har det veldig bra. Takk. Det er et privilegium √• snakke med dere, siden jeg har h√∏rt mye p√• musikken deres siden 2023. Jeg elsker musikken, og jeg tror det er noe vi definitivt trenger p√• listene i disse dager."
Helsinki-NLP/opus-mt-tc-big-en-gmq,WMT,no,"The results are in and, drum roll, please, it's completely consistent with my family history. 89.9% British and Irish with most of that concentrated in the scottish borders, western Ireland, Wales, and cornwall. It doesn't show much breton tho so either they're so close to cornish they don't show as different in me or my breton family wasn't originally from there.","Resultaterne er i og, trumvirvel, v√¶r s√• snill, det er helt i overensstemmelse med min familiehistorie. 89,9% britisk og irsk med det meste av det koncentreret i de skotske grensene, v√§stra Irland, Wales, och cornwall. Det viser ikke mycket breton tho s√• antingen de √§r s√• n√§ra cornish de ikke viser s√• olika i mig eller min breton familie var ikke opprinnelig derfra.","Resultatene er her og, trommevirvel takk, det er helt i samsvar med familiehistorien min. 89,9 % britisk og irsk med mesteparten konsentrert p√• skotskegrensen, Vest-Irland, Wales og Cornwall. Det viser ikke mye bretagnsk dog, s√• enten er de s√• n√¶r Cornwall at de ikke vises som forskjellig hos meg, eller s√• var ikke min bretagnske familie opprinnelig derfra."
Helsinki-NLP/opus-mt-tc-big-en-gmq,TED,no,"Secondly, synesthesia is about ‚Äî and this is what gets me to my point about the main theme of this lecture, which is about creativity ‚Äî synesthesia is eight times more common among artists, poets, novelists and other creative people than in the general population.","For det andra, synestesi handlar om och det er det som f√•r mig till min punkt om huvudtemaet i denna forelesning, som handlar om kreativitet synestesi er √•tte ganger vanligare bland artister, poeter, romanf√∂rfattare og andre kreative mennesker √§n i den generelle befolkningen.","For det andre er synestesi omtrent ‚Äî og dette bringer meg til poenget til hovedtemaet i denne forelesningen, som handler om kreativitet ‚Äî synestesi er √•tte ganger vanligere blant kunstere, poeter, forfattere og andre kreative mennesker enn i resten av befolkningen."
Helsinki-NLP/opus-mt-tc-big-en-gmq,TED,no,"C sharp is blue, F sharp is green, another tone might be yellow, right?","C sharp er bl√•, F sharp er gr√∏nn, en annan tone kan v√¶re gul, ikke?","Ciss er bl√•, fiss er gr√∏nn, en annen tone kan v√¶re gul, sant?"
Helsinki-NLP/opus-mt-tc-big-en-gmq,TED,no,"You can still recognize them from their voice and say, """" Oh yeah, that's Joe, """" but you can't look at their face and know who it is, right?","Du kan fortfarande k√§nna igen dem fra deres stemme og si, """"√Öh ja, det √§r Joe, """" men du kan ikke se p√• ansiktet og vet hvem det er, ikke sant?","Man kan fremdeles kjenne igjen folk p√• stemmen og si, √•ja, det der er Joe, men man kan ikke se p√• ansiktet deres og vite hvem det er, sant?"
Helsinki-NLP/opus-mt-tc-big-en-gmq,TED,no,Thank you.,Tack s√• mycket.,Takk.
Helsinki-NLP/opus-mt-tc-big-en-gmq,TED,no,We would never do it.,Vi skulle aldrig g√∂ra det.,Vi ville aldri gjort det.
Helsinki-NLP/opus-mt-tc-big-en-gmq,TED,no,"If you had gotten five, this dinner would have been a lot more interesting. """" (Laughter) There is now a kind of sleep deprivation one-upmanship.","Om du hade f√•tt fem, ville den h√§r middagen ha varit mycket mer intressant. """" (Latter) Det finns nu en slags s√∏vnber√∏velse one-upmanship.","Hvis du hadde f√•tt fem, hadde denne middagen v√¶rt mye mer interessant. """" (Latter) Det finnes en ny form for s√∏vnmangel der ute rivaliseringskultur."
Helsinki-NLP/opus-mt-tc-big-en-gmq,TED,no,"And I know many people who are at the bottoms of organizations who have no authority and they are absolutely leaders, and this is because they have chosen to look after the person to the left of them, and they have chosen to look after the person to the right of them.","Och jag k√§nner m√•nga m√§nniskor som √§r p√• botten av organisationer som har ingen myndighet, och de √§r absolut ledare, och det beror p√• att de har valt att ta hand om personen till v√§nster om dem, och de har valt att ta hand om personen till h√∂ger om dem.","Og jeg kjenner mange mennesker nederst i organisasjonen som ikke har autoritet, men de er helt klart ledere, fordi de har valgt √• se etter personen til venstre for dem, og de har valgt √• se etter personen til h√∏yre for dem."
Helsinki-NLP/opus-mt-tc-big-en-gmq,TED,no,"These are very compelling, vivid sensations.","Disse er meget overbevisende, levende fornemmelser.",Disse fornemmelsene er sv√¶rt overbevisende og levende.
Helsinki-NLP/opus-mt-tc-big-en-gmq,TED,no,Thank you.,Tack s√• mycket.,Takk.
Helsinki-NLP/opus-mt-tc-big-en-gmq,TED,no,Why would that be?,Hvorfor skulle det v√¶re det?,Hvorfor er det slik?
Helsinki-NLP/opus-mt-tc-big-en-gmq,TED,no,"And this peculiar recursive quality that we call self-awareness, which I think is the holy grail of neuroscience, of neurology, and hopefully, someday, we'll understand how that happens.","Och den besynnerliga rekursive egenskapen som vi kallar sj√§lvmedvetenhet, som jag tror er den heliga gralen av neurovetenskap, av neurologi, och f√∂rhoppningsvis, en dag, kommer vi att f√∂rst√• hur det h√§nder.","Denne s√¶regne, rekursive egenskapen som vi kaller selvbevissthet, noe jeg mener er den Hellige Gral for nevrovitenskap, for nevrologi, og forh√•pentligvis vil vi en vakker dag kunne forst√• hvordan det skjer."
Helsinki-NLP/opus-mt-tc-big-en-gmq,TED,no,The budget is not always there.,Budgetet er ikke alltid der.,Busjettet er ikke alltid der.
Helsinki-NLP/opus-mt-tc-big-en-gmq,TED,no,"I mean, schizophrenics do that, but it's a different story, right?","- Jeg mener, schizofrener gj√∏r det, men det er en annen historie, ikke sant?","Jeg mener, schizofrene gj√∏r det, men det er noe annet, sant?"
Helsinki-NLP/opus-mt-tc-big-en-gmq,TED,no,"I heard a story of some Marines who were out in theater, and as is the Marine custom, the officer ate last, and he let his men eat first, and when they were done, there was no food left for him.","Jag h√∂rde en historia om n√•gra marinsoldater som var ute p√• teater, och som det √§r marinens sed, √•t officeren sist, och han l√§t sina m√§n √§ta f√∂rst, och n√§r de var klara, var det ingen mat kvar f√∂r honom.","Jeg h√∏rte en historie om noen marinesoldater som var ute i feltet, og slik som det er i marinen, spiste offiseren sist, han lot sine menn spise f√∏rst, og n√•r de var ferdige, var det ikke noe mat igjen for ham."
Helsinki-NLP/opus-mt-tc-big-en-gmq,TED,no,"We are also influenced by our nonverbals, our thoughts and our feelings and our physiology.","Vi p√•verkas ogs√• av v√•re nonverbals, v√•ra tanker og v√•re f√∏lelser og v√•r fysiologi.","Vi er ogs√• p√•virket av v√•re egne ikke-verbale tegn, v√•re tanker, f√∏lelser og fysiologi."
Helsinki-NLP/opus-mt-tc-big-en-gmq,TED,no,"If it's between tone and color, you get tone-color synesthesia.","Om det ligger mellan tonen og f√§rgen, f√•r du tone-farge synestesi.","Hvis det er mellom tone og farge, s√• f√•r du tone-farge-synestesi."
Helsinki-NLP/opus-mt-tc-big-en-gmq,TED,no,Eventually I graduated from college.,Till slut tog jag examen fr√•n college.,Til slutt ble jeg uteksaminert fra h√∏yskolen.
Helsinki-NLP/opus-mt-tc-big-en-gmq,TED,no,"Why is it that Mayank, this young boy that I met in India, isn't washing his hands?","Hvorfor vasker Mayank, den h√§r unge pojken som jeg tr√§ffade i Indien, ikke h√§nderna?","Hvorfor var det slik at Mayank, denne unge gutten som jeg m√∏tte i India, ikke vasket hendene sine?"
Helsinki-NLP/opus-mt-tc-big-en-gmq,TED,no,And here every piece is very well planned.,Og her er hvert eneste stykke mycket v√§l planlagt.,Og her er hver brikke godt planlagt.
Helsinki-NLP/opus-mt-tc-big-en-gmq,TED,no,We don't want to prime them with a concept of power.,Vi vill inte prime dem med ett maktbegrepp.,Vi vil ikke vise dem konseptet av makt.
Helsinki-NLP/opus-mt-tc-big-en-gmq,WMT,sv,"However, Tenuk and Kayel quickly realized they weren't alone. A second dark creature shot out from beneath them, and Tenuk only just managed to avoid a collision.","Men Tenuk och Kayel ins√•g snabbt att de inte var ensamma. En andra m√∂rk varelse sk√∂t ut under dem, och Tenuk lyckades bara undvika en kollision.",Dock ins√•g Tenuk och Kayel snabbt att de inte var ensamma. En andra m√∂rk varelse d√∂k upp underifr√•n och Tenuk lyckades precis undvika en kollision.
Helsinki-NLP/opus-mt-tc-big-en-gmq,WMT,sv,"Tenuk hesitated, then stepped back, giving himself some space. With a low, slightly pained grunt, Tenuk's body stretched out, his fur replaced with scales and his arms replaced with wings. He quickly turned himself into a normal, light blue Thraki, but his eyes remained red.","Tenuk tvekade, steg sedan tillbaka och gav sig sj√§lv lite utrymme. Med en l√•g, l√§tt sm√§rtad grymt str√§cktes Tenuks kropp ut, hans p√§ls ersattes med fj√§ll och hans armar ersattes med vingar. Han f√∂rvandlade sig snabbt till en normal, ljusbl√• Thraki, men hans √∂gon f√∂rblev r√∂da.","Tenuk tvekade och tog sedan ett steg tillbaka, f√∂r att ge sig sj√§lv lite utrymme. Med ett l√•gt, n√•got sm√§rtfyllt st√∂n, str√§cktes Tenuks kropp ut, hans p√§ls ersattes med fj√§ll och hans armar ersattes med vingar. Han f√∂rvandlade sig snabbt till en normal ljusbl√• Thraki, men hans √∂gon f√∂rblev r√∂da."
Helsinki-NLP/opus-mt-tc-big-en-gmq,WMT,sv,"They wondered if she would actually let them enter, unlike the previous times they went to ask. I still have a bruise from the last time. Ivory chuckled from the memory. Kari had thrown a book at their shoulder, but when she saw who it was, she apologized immediately.","De undrade om hon verkligen skulle l√•ta dem komma in, till skillnad fr√•n de tidigare g√•ngerna de gick f√∂r att fr√•ga. Jag har fortfarande ett bl√•m√§rke fr√•n f√∂rra g√•ngen. Elfenben chuckled fr√•n minnet. Kari hade kastat en bok p√• deras axel, men n√§r hon s√•g vem det var, bad hon omedelbart om urs√§kt.","De undrade om hon verkligen skulle sl√§ppa in dem, till skillnad fr√•n de tidigare g√•ngerna n√§r de kom f√∂r att fr√•ga. Jag har fortfarande ett bl√•m√§rke fr√•n f√∂rra g√•ngen. Ivory skrockade √•t minnet. Kari hade kastat en bok p√• deras axel, men n√§r hon s√•g vem det var, bad hon om urs√§kt omedelbart."
Helsinki-NLP/opus-mt-tc-big-en-gmq,WMT,sv,"The ESP didn't go online immediately, let's give it a few minutes.","ESP gick inte online omedelbart, l√•t oss ge det n√•gra minuter.","ESP ansl√∂t inte direkt, vi v√§ntar ett par minuter."
Helsinki-NLP/opus-mt-tc-big-en-gmq,WMT,sv,"Ignacio S√°nchez Recarte, secretary general of the Comit√© Europ√©en des Entreprises Vins trade association representing some 7,000 wine producers across Europe, is dismissive of the concerns of the beer makers. He told Euronews that a market dominated by multinational brewing conglomerates bears no comparison with one comprised almost entirely of small, domestic producers.","Ignacio S√°nchez Recarte, generalsekreterare f√∂r branschorganisationen Comit√© Europ√©en des Entreprises Vins, som f√∂retr√§der omkring 7 000 vinproducenter i Europa, avf√§rdar √∂ltillverkarnas farh√•gor. Han sade till Euronews att en marknad som domineras av multinationella bryggerikonglomerat inte kan j√§mf√∂ras med en marknad som n√§stan uteslutande best√•r av sm√• inhemska producenter.",Ignacio S√°nchez Recarte avf√§rdar √∂ltillverkarnas oro. Han √§r generalsekreterare f√∂r branschorganisationen Comit√© Europ√©en des Entreprises Vins som representerar 7 000 vintillverkare i Europa. Vidare f√∂rklarade han f√∂r Euronews att en marknad som domineras av multinationella bryggerikonglomerat inte kan j√§mf√∂ras med en som n√§stan enbart best√•r av sm√• inhemska producenter.
Helsinki-NLP/opus-mt-tc-big-en-gmq,WMT,sv,@user4 @user3 @user5 @user6,@user4 @user3 @user5 @user6,@anv√§ndare4 @anv√§ndare3 @anv√§ndare5 @anv√§ndare6
Helsinki-NLP/opus-mt-tc-big-en-gmq,WMT,sv,"Judging by the state of our hospitals, the SNP's talk of recovery plans and action plans is simply that - talk, and dangerous talk at that. We must not allow incompetent politicians to lull us into complicity in the demise of that great British institution, the National Health Service.","Att d√∂ma av tillst√•ndet p√• v√•ra sjukhus √§r SNP: s tal om √•terh√§mtningsplaner och handlingsplaner helt enkelt det - prat, och farligt prat p√• det. Vi f√•r inte l√•ta inkompetenta politiker invagga oss i delaktighet i nedl√§ggningen av den stora brittiska institutionen, National Health Service.","Av att d√∂ma av tillst√•ndet p√• v√•ra sjukhus √§r SNP.s prat om √•terh√§mtnings- och handlingsplaner bara just det ‚Äì prat, och det √§r farligt prat. Vi f√•r inte l√•ta inkompetenta politiker vagga oss in i medverkan till bortfallet av denna fantastiska brittiska institution, National Health Service."
Helsinki-NLP/opus-mt-tc-big-en-gmq,WMT,sv,üö® breaking news:,breaking news:,üö® senaste nytt:
Helsinki-NLP/opus-mt-tc-big-en-gmq,WMT,sv,This song is encapsulates my predicament‚Ä¶,Den h√§r l√•ten sammanfattar min situation...,Den h√§r l√•ten sammanfattar min besv√§rliga situation ...
Helsinki-NLP/opus-mt-tc-big-en-gmq,WMT,sv,Both the old and the new Listing titles call it a 12V 10W panel.,B√•de den gamla och den nya Listing-titlarna kallar den f√∂r en 12V 10W-panel.,I b√•de den gamla och den nya listan har den ben√§mningen 12V 10W-panel.
Helsinki-NLP/opus-mt-tc-big-en-gmq,WMT,sv,"Isn‚Äôt that funny? We have half the manpower left, and we can‚Äôt even refrain from hurting one another. I hastily sped up, Al‚Äôs was around the corner, so I would be fine inside. A glance behind me ensured that I was no longer being tailed as I stood in front of a bright glowing sign that read, ‚ÄúAlborn‚Äôs Pawnshop!‚Äù With slower steps, I entered once again‚Äìthis place was more under the cover, as Alborn would often take in people who‚Äôd been mutated and snuck into Paltricus. Upon opening the door, the lights had been shut off, interestingly enough‚Äìthere was no Al. No refugees. Nothing. Something wasn‚Äôt right here.","√Ñr inte det roligt? Vi har h√§lften av arbetskraften kvar, och vi kan inte ens avst√• fr√•n att skada varandra. Jag skyndade snabbt upp, Al var runt h√∂rnet, s√• jag skulle inte vara bra inuti. En blick bakom mig s√•g till att jag inte l√§ngre var svansad som jag stod framf√∂r en ljus gl√∂dande skylt som l√§ste: ""Alborns Pawnshop var flyktingar!"" Med l√•ngsammare steg gick jag in igen. Det h√§r st√§llet var mer","√Ñr det inte lustigt? H√§lften av m√§nskligheten finns kvar, och vi kan inte ens sluta att g√∂ra varandra illa. Jag √∂kade farten, Als st√§lle var precis runt h√∂rnet, s√• jag skulle vara s√§ker d√§rinne. En snabb blick bak√•t f√∂rs√§krade mig om att jag inte var f√∂rf√∂ljd l√§ngre n√§r jag stod framf√∂r en starkt upplyst skylt med texten ""Alborns pantbank!"". Med l√•ngsammare steg gick jag in √•ter en g√•ng - detta st√§llet h√∂lls ganska hemligt, eftersom Alborn ofta sl√§ppte in m√§nniskor som hade muterats och smitit in i Paltricus. N√§r jag √∂ppnade d√∂rren var lamporna sl√§ckta och intressant nog - ingen Al. Inga flyktingar. Ingenting. Det var n√•got som inte st√§mde h√§r."
Helsinki-NLP/opus-mt-tc-big-en-gmq,WMT,sv,These good quality stickers are about 50p each. They'll cost the same again to post. And way more in my own time to individually package and send them.,Dessa klisterm√§rken av god kvalitet √§r ca 50p vardera. De kommer att kosta samma igen f√∂r att posta. Och mycket mer i min egen tid att individuellt paketera och skicka dem.,De h√§r dekalerna som √§r av bra kvalitet kostar ungef√§r 50 pence styck. De kostar lika mycket att skicka med post. Och mycket mer av min egen tid att paketera var och en och skicka dem.
Helsinki-NLP/opus-mt-tc-big-en-gmq,WMT,sv,So the challenges in this are already showing themselves. I'm likely going to have a VERY difficult time getting a medical clearance due to the FAA's stance on certain medications.,S√• utmaningarna i detta √§r redan visar sig. Jag kommer sannolikt att ha en mycket sv√•r tid att f√• en medicinsk clearance p√• grund av FAA: s inst√§llning till vissa mediciner.,S√• utmaningarna f√∂r detta har redan b√∂rjat visa sig. Det kommer troligen att vara V√ÑLDIGT sv√•rt f√∂r mig att f√• ett l√§karintyg p√• grund av FAA:s h√•llning n√§r det g√§ller vissa l√§kemedel.
Helsinki-NLP/opus-mt-tc-big-en-gmq,WMT,sv,And just under the wire basically someone actually beat Trimming the Herbs! Really impressive.,Och precis under tr√•den slog n√•gon faktiskt Trimming the Herbs! Verkligen imponerande.,Och i sista sekunden lyckades n√•gon faktiskt klara Trimming The Herbs! Verkligen imponerande.
Helsinki-NLP/opus-mt-tc-big-en-gmq,WMT,sv,Yea so I flew this today.,"Yeah, den h√§r har jag flugit idag.",S√• jag fl√∂g det h√§r idag.
Helsinki-NLP/opus-mt-tc-big-en-gmq,WMT,sv,"So my dad can't give me rides to work. And for me, work is about 27 miles away. So there and back would be nearly a $100 a day with Uber. I haven't looked at Lyft. I could have, I guess, that makes sense. But I didn't have rental on my auto insurance, so that's my fault. So I guess I could have tried to do that and get that set up and tried to get a rental while I was down and out of a car. But even then, a rental wouldn't cover seven days. I'm going to sneeze, hold on. That sneeze sucked.","S√• min pappa kan inte ge mig √•ka till jobbet. Och f√∂r mig √§r jobbet cirka 27 miles away. S√• det och tillbaka skulle vara n√§stan $ 100 per dag med Uber. Jag har inte tittat p√• Lyft. Jag antar att det √§r vettigt. Men jag hade inte hyra p√• min bilf√∂rs√§kring, s√• det √§r mitt fel. S√• jag antar att jag kunde ha f√∂rs√∂kt att g√∂ra det och f√• det att s√§tta upp och f√∂rs√∂kte f√• en hyra ut.","S√• min pappa kan inte skjutsa mig till jobbet. Och f√∂r mig √§r det omkring 27 miles till jobbet. S√• fram och tillbaka skulle inneb√§ra n√§stan $100 per dag med Uber. Jag har inte tittat p√• Lyft. Det kunde jag ha gjort, antar jag, det vore vettigt. Men hyrbil ingick inte i min bilf√∂rs√§kring, s√• det √§r mitt fel. S√• jag antar att jag kunde ha f√∂rs√∂kt att g√∂ra det och f√• det arrangerat och f√∂rs√∂kt att f√• tag p√• en hyrbil medan jag var utan bil. Men √§ven om jag gjorde det skulle en hyrbil inte t√§cka sju dagar. Jag m√•ste nysa, ett √∂gonblick. Det d√§r var v√§rldens s√§msta nysning."
Helsinki-NLP/opus-mt-tc-big-en-gmq,WMT,sv,Saturday Cont:,L√∂rdag Cont:,L√∂rdag forts:
Helsinki-NLP/opus-mt-tc-big-en-gmq,WMT,sv,"Rosendale, a member of the hard-right Freedom Caucus, was one of the individuals who derailed the Wednesday votes. He views the top line number in Johnson's deal as being too high and as doing too little to cut the $34 trillion national debt.","Rosendale, en medlem av den h√•rda h√∂gern Freedom Caucus, var en av de individer som sp√•rade onsdagsr√∂sterna. Han ser topplinjen i Johnsons aff√§r som f√∂r h√∂g och som g√∂r f√∂r lite f√∂r att minska statsskulden p√• 34 biljoner dollar.","Rosendale, en medlem av extremh√∂gerns Freedom Caucus, var en av de personer som blockerade onsdagens omr√∂stningar. Han tycker att den totala siffran i Johnsons uppg√∂relse √§r f√∂r h√∂g och att det g√∂rs f√∂r lite f√∂r att minska statsskulden som uppg√•r till 34 biljoner dollar."
Helsinki-NLP/opus-mt-tc-big-en-gmq,WMT,sv,"South Wales four-piece The Now are proud to release their debut album, Too Hot To Handle, via True Music, and Callum joins me now. How are you doing, Callum? How's it going? Yeah, all good. Good, yourself? Yes, I'm very good. Thank you. It's a privilege to speak to yourselves because I've been listening to your music quite a lot since 2023. So I'm just loving the music, and I think it's something that we definitely need in the charts these days.","South Wales fyrdelade The Now √§r stolta √∂ver att sl√§ppa sitt debutalbum, Too Hot To Handle, via True Music, och Callum g√•r med mig nu. Hur m√•r du, Callum? Hur g√•r det? Ja, allt bra. Bra, sj√§lv? Ja, jag √§r v√§ldigt bra. Tack. Det √§r ett privilegium att prata med er eftersom jag har lyssnat p√• er musik ganska mycket sedan 2023. S√• jag tycker bara att vi √§lskar musiken.","The Now, kvartetten fr√•n s√∂dra Wales, √§r stolta √∂ver att sl√§ppa sitt debutalbum Too Hot To Handle via True Music och jag har Callum med p√• tr√•den nu. Hur √§r l√§get, Callum? Hur g√•r det? Ja, bara bra. Bra, och du sj√§lv? Jad√•, allt √§r bra. Tack. Det √§r ett privilegium att prata med dig, f√∂r jag har lyssnat p√• er musik ganska mycket sedan 2023. Jag bara √§lskar musiken och jag anser att det √§r n√•got som vi verkligen beh√∂ver p√• listorna i dagsl√§get."
Helsinki-NLP/opus-mt-tc-big-en-gmq,WMT,sv,"The results are in and, drum roll, please, it's completely consistent with my family history. 89.9% British and Irish with most of that concentrated in the scottish borders, western Ireland, Wales, and cornwall. It doesn't show much breton tho so either they're so close to cornish they don't show as different in me or my breton family wasn't originally from there.","Resultaten √§r i och, trumma rulla, tack, det √§r helt f√∂renligt med min familjs historia. 89,9% brittiska och irl√§ndska med det mesta koncentrerat i de skotska gr√§nserna, v√§stra Irland, Wales, och cornwall. Det visar inte mycket breton tho s√• antingen de √§r s√• n√§ra cornish de inte visa s√• olika i mig eller min breton familj var inte ursprungligen d√§rifr√•n.","H√§r kommer resultaten och, en trumvirvel om jag f√•r be, det √§r helt √∂verensst√§mmande med min familjs histora. 89,9 % brittisk och irl√§ndsk till mestadels koncentrerat kring de skotska gr√§nserna, v√§stra Irland, Wales och Cornwall. Det visar dock inte hur mycket breton, s√• antingen √§r de s√• n√§ra det korniska folket att de inte visar sig som olika i mig eller s√• var min bretonska familj ursprungligen inte d√§rifr√•n."
Helsinki-NLP/opus-mt-tc-big-en-gmq,TED,sv,(Applause),(Appl√•der),(Appl√•der)
Helsinki-NLP/opus-mt-tc-big-en-gmq,TED,sv,"You have a cardboard box with a mirror in the middle, and then you put the phantom ‚Äî so my first patient, Derek, came in.","Du har en kartong med en spegel i mitten, och sedan s√§tter du fantomen s√• min f√∂rsta patient, Derek, kom in.","Man anv√§nder en pappl√•da med en spegel i mitten. Sen stoppar man fantomen... S√• min f√∂rsta patient, Derek, kom in."
Helsinki-NLP/opus-mt-tc-big-en-gmq,TED,sv,"Our consciousness of that thing that we're attending to becomes extremely bright and vivid, and everything else sort of goes dark.","V√•rt medvetande om den d√§r saken som vi tar hand om blir extremt ljust och levande, och allt annat blir liksom m√∂rkt.","V√•rt medvetande om de saker som vi har f√∂r handen blir extremt klart och tydligt, men allt annat faller liksom i m√∂rker."
Helsinki-NLP/opus-mt-tc-big-en-gmq,TED,sv,"For days after the launch, Sputnik was a wonderful curiosity.",I flera dagar efter lanseringen var Sputnik en underbar nyfikenhet.,"Under dagar efter uppskjutningen, var Sputnik en underbar underlighet."
Helsinki-NLP/opus-mt-tc-big-en-gmq,TED,sv,"Click and, bang, you're in this museum.","Klicka och, bang, du √§r i detta museum.","klicka och, pang, s√• √§r ni inne i detta museum."
Helsinki-NLP/opus-mt-tc-big-en-gmq,TED,sv,"If you're a woman writer from the Muslim world, like me, then you are expected to write the stories of Muslim women and, preferably, the unhappy stories of unhappy Muslim women.","Om du √§r en kvinnlig f√∂rfattare fr√•n den muslimska v√§rlden, som jag, f√∂rv√§ntas du skriva ber√§ttelser om muslimska kvinnor och helst de olyckliga ber√§ttelserna om olyckliga muslimska kvinnor.","Om du √§r kvinnlig f√∂rfattare fr√•n den muslimska v√§rlden, som jag, d√• f√∂rv√§ntas du skriva de muslimska kvinnornas historia och, helst, de olyckliga historierna om olyckliga muslimska kvinnor."
Helsinki-NLP/opus-mt-tc-big-en-gmq,TED,sv,"And also, they are famous now on the streets, on mass media and social.","Och de √§r ocks√• k√§nda nu p√• gatorna, p√• massmedia och sociala medier.","Och nu √§r de k√§nda p√• gatorna, i massmedia och socialt."
Helsinki-NLP/opus-mt-tc-big-en-gmq,TED,sv,"Here, you've got Martian alphabet.",H√§r har du det martianska alfabetet.,H√§r √§r d√• marsalfabetet.
Helsinki-NLP/opus-mt-tc-big-en-gmq,TED,sv,"So this is a work that we were very intrigued with, working with the aesthetic of fur embedded with thousands of tiny different sizes of fiber optics, which twinkle like the night sky.","S√• det h√§r √§r ett arbete som vi var v√§ldigt fascinerade av, att arbeta med p√§lsens estetik inb√§ddad med tusentals sm√• olika storlekar av fiberoptik, som blinkar som natthimlen.","Det h√§r √§r ett projekt som vi var v√§ldigt fascinerade av d√§r vi arbetade med p√§lsestetik som genomkorsades av tusentals olika stora optiska fibrer, som gnistrade som stj√§rnor p√• natthimlen."
Helsinki-NLP/opus-mt-tc-big-en-gmq,TED,sv,"Government is doing what they can, especially in terms of the pandemics and epidemics such as cholera, or Ebola at the moment, but with competing priorities.","Regeringen g√∂r vad de kan, s√§rskilt n√§r det g√§ller pandemier och epidemier som kolera eller Ebola f√∂r n√§rvarande, men med konkurrerande prioriteringar.","Regeringarna g√∂r vad de kan, s√§rskilt vad g√§ller pandemier och epidemier som kolera och ebola i dagsl√§get, men tvingas st√§ndigt prioritera."
Helsinki-NLP/opus-mt-tc-big-en-gmq,TED,sv,"I ran as an independent candidate, not with any political party or muscle behind me.","Jag kandiderade som en oberoende kandidat, inte med n√•got politiskt parti eller n√•gon muskel bakom mig.","Jag st√§llde upp som en oberoende kandidat, utan n√•got politiskt parti bakom mig."
Helsinki-NLP/opus-mt-tc-big-en-gmq,TED,sv,You'll actually see that down here you can see a Web address: unionseek.com / d / ioo.exe And when you view this image on your computer it actually is going to download and run that program.,Du ser faktiskt att h√§r nere kan du se en webbadress: unionseek.com / d / ioo.exe Och n√§r du ser den h√§r bilden p√• din dator kommer den faktiskt att ladda ner och k√∂ra det programmet.,S√• kommer du att se att h√§r nere finns en webbadress: unionseek.com / d / ioo.exe S√• n√§r du tittar p√• den h√§r bilden p√• din dator kommer den faktiskt att ladda ner och k√∂ra det h√∂r programmet.
Helsinki-NLP/opus-mt-tc-big-en-gmq,TED,sv,"So we trick our brains, because our brain simply doesn't accept the fact that it doesn't really make sense.","S√• vi lurar v√•ra hj√§rnor, eftersom v√•r hj√§rna helt enkelt inte accepterar det faktum att det inte riktigt √§r meningsfullt.",S√• vi lurar v√•ra hj√§rnor f√∂r v√•ra hj√§rnor kan helt enkelt inte acceptera det faktum att det inte riktigt g√•r ihop.
Helsinki-NLP/opus-mt-tc-big-en-gmq,TED,sv,"So I wanted to create something different, something where the process starts when you press the trigger.","S√• jag ville skapa n√•got annorlunda, n√•got d√§r processen b√∂rjar n√§r man trycker p√• avtryckaren.","S√• jag ville skapa n√•got annorlunda, n√•got d√§r processen b√∂rjar n√§r du trycker p√• utl√∂saren."
Helsinki-NLP/opus-mt-tc-big-en-gmq,TED,sv,"When an arm is amputated, or a leg is amputated, for gangrene, or you lose it in war ‚Äî for example, in the Iraq war, it's now a serious problem ‚Äî you continue to vividly feel the presence of that missing arm, and that's called a phantom arm or a phantom leg.","N√§r en arm amputeras, eller ett ben amputeras, f√∂r kallbrand, eller du f√∂rlorar det i krig - till exempel i Irak-kriget, √§r det nu ett allvarligt problem - du forts√§tter att levande k√§nna n√§rvaron av den saknade armen, och det kallas en fantomarm eller ett fantomben.","N√§r en arm eller ett ben amputeras p√• grund av kallbrand eller f√∂rloras i ett krig, till exempel kriget i Irak. Det √§r idag ett allvarligt problem. Man forts√§tter att p√•tagligt k√§nna den f√∂rlorade armens n√§rvaro. Viken ben√§mns fantomarm eller fantomben."
Helsinki-NLP/opus-mt-tc-big-en-gmq,TED,sv,Death: Go to ifidie.net before it's too late.,D√∂d: G√• till ifidie.net innan det √§r f√∂r sent.,D√∂den: G√• till ifidie.net innan det √§r f√∂r sent
Helsinki-NLP/opus-mt-tc-big-en-gmq,TED,sv,"We often talk about how stories change the world, but we should also see how the world of identity politics affects the way stories are being circulated, read and reviewed.","Vi pratar ofta om hur ber√§ttelser f√∂r√§ndrar v√§rlden, men vi b√∂r ocks√• se hur identitetspolitikens v√§rld p√•verkar hur ber√§ttelser cirkuleras, l√§ses och granskas.","Vi talar ofta om hur historier kan f√∂r√§ndra v√§rlden, men vi borde ocks√• se hur v√§rlden av identitetspolitik p√•verkar hur historier sprids, l√§ses och blir recenserade."
Helsinki-NLP/opus-mt-tc-big-en-gmq,TED,sv,He was looking for a Turkish woman in the book because I happened to be one.,Han letade efter en turkisk kvinna i boken eftersom jag r√•kade vara en.,Han s√∂kte en turkisk kvinna i denna bok eftersom jag r√•kade vara en.
Helsinki-NLP/opus-mt-tc-big-en-gmq,TED,sv,The one thing that all of them have in common is that they're going to die.,Det enda de alla har gemensamt √§r att de kommer att d√∂.,Det enda alla dessa m√§nniskor har gemensamt √§r att de kommer att d√∂.
Helsinki-NLP/opus-mt-tc-big-en-gmq,TED,sv,So let me just run some viruses on my computer.,L√•t mig bara k√∂ra n√•gra virus p√• min dator.,S√• l√•t mig bara k√∂ra n√•gra virus p√• min dator.
Helsinki-NLP/opus-mt-tc-big-en-gmq,WMT,is,"However, Tenuk and Kayel quickly realized they weren't alone. A second dark creature shot out from beneath them, and Tenuk only just managed to avoid a collision.","Hins vegar, Tenuk og Kayel flj√≥tt √°tta√∞ sig √° a√∞ √æeir voru ekki einn. Annar d√∂kk skepna skoti√∞ √∫t undan √æeim, og Tenuk bara bara t√≥kst a√∞ for√∞ast √°rekstur.",Hins vegar uppg√∂tvu√∞u Tenuk og Kayel skj√≥tt a√∞ √æeir voru ekki einir √° fer√∞. √ñnnur d√∂kk skepna skaust √∫t √∫r sk√≥ginum fyrir ne√∞an √æ√° og Tenuk t√≥kst r√©tt svo a√∞ for√∞ast √°rekstur vi√∞ hana.
Helsinki-NLP/opus-mt-tc-big-en-gmq,WMT,is,"Tenuk hesitated, then stepped back, giving himself some space. With a low, slightly pained grunt, Tenuk's body stretched out, his fur replaced with scales and his arms replaced with wings. He quickly turned himself into a normal, light blue Thraki, but his eyes remained red.","Tenuk hika√∞i, steig s√≠√∞an til baka og gaf s√©r pl√°ss. Me√∞ l√°gum, √∂rl√≠ti√∞ s√°rsaukafullum grunt teyg√∞i l√≠kami Tenuk √∫t, feldurinn hans kom √≠ sta√∞inn fyrir vog og handleggir hans komu √≠ sta√∞inn fyrir v√¶ngi. Hann breytti flj√≥tt sj√°lfum s√©r √≠ venjulegt, lj√≥sbl√°tt Thraki, en augu hans voru √°fram rau√∞.","Tenuk hika√∞i andartak, t√≥k s√≠√∞an tv√∂ skref aftur √° bak til a√∞ gefa sj√°lfum s√©r eil√≠ti√∞ pl√°ss. Hann gaf fr√° s√©r l√°ga erfi√∞isstunu og svo t√≥k l√≠kami hans a√∞ lengjast. Feldurinn hans v√©k fyrir hreistri og hendur hans umbreyttust √≠ v√¶ngi. Hann breytti s√©r snarlega √≠ lj√≥sbl√°an √æraka. Bara augun, sem voru enn√æ√° rau√∞, stungu √≠ st√∫f."
Helsinki-NLP/opus-mt-tc-big-en-gmq,WMT,is,"They wondered if she would actually let them enter, unlike the previous times they went to ask. I still have a bruise from the last time. Ivory chuckled from the memory. Kari had thrown a book at their shoulder, but when she saw who it was, she apologized immediately.","√ûeir spur√∞u hvort h√∫n vildi √≠ raun l√°ta √æ√° inn, √≥l√≠kt fyrri sinnum √æeir f√≥ru a√∞ spyrja. √âg er enn marblettur fr√° s√≠√∞asta skipti. Ivory chuckled fr√° minni. K√°ri haf√∞i kasta√∞ b√≥k √° √∂xl √æeirra, en √æegar h√∫n s√° hver √æa√∞ var, h√∫n ba√∞st strax afs√∂kunar.","Ivory velti fyrir s√©r hvort st√∫lkan myndi opna √≠ √æetta sinn, √≥l√≠kt √æv√≠ sem √°√∞ur var. √âg er enn√æ√° me√∞ marbletti fr√° √æv√≠ s√≠√∞ast, hugsa√∞i Ivory og brosti vi√∞ minninguna. Kari haf√∞i hent b√≥k sem hitti Ivory √≠ √∂xlina, en h√∫n haf√∞i be√∞ist afs√∂kunar um lei√∞ og h√∫n s√° hver var √æar √° fer√∞."
Helsinki-NLP/opus-mt-tc-big-en-gmq,WMT,is,"The ESP didn't go online immediately, let's give it a few minutes.","ESP f√≥r ekki √° netinu strax, vi√∞ skulum gefa √æa√∞ nokkrar m√≠n√∫tur.","ESP-myndav√©lin tengdist ekki netinu alveg um lei√∞, gefum √æessu nokkrar m√≠n√∫tur."
Helsinki-NLP/opus-mt-tc-big-en-gmq,WMT,is,"Ignacio S√°nchez Recarte, secretary general of the Comit√© Europ√©en des Entreprises Vins trade association representing some 7,000 wine producers across Europe, is dismissive of the concerns of the beer makers. He told Euronews that a market dominated by multinational brewing conglomerates bears no comparison with one comprised almost entirely of small, domestic producers.","Ignacio S√°nchez Recarte, framkv√¶mdastj√≥ri Comit√© Europ√©en des Entreprises Vins, sem er fulltr√∫i um 7.000 v√≠nframlei√∞enda um alla Evr√≥pu, er afneitandi √°hyggjum bj√≥rframlei√∞enda. Hann sag√∞i Euronews a√∞ marka√∞ur sem stj√≥rnast af fj√∂l√æj√≥√∞legum brewing konglomeratum ber enga samanbur√∞ vi√∞ einn sem samanst n√°nast eing√∂ngu af litlum, innlendum framlei√∞endum.","Ignacio S√°nchez Recarte, a√∞alritari atvinnugreinasambandsins Comit√© Europ√©en des Entreprises Vins, sem fer fyrir um 7000 evr√≥pskum v√≠nframlei√∞endum, gefur l√≠ti√∞ fyrir √°hyggjur bj√≥rframlei√∞enda. Hann sag√∞i vi√∞ fr√©ttami√∞ilinn Euronews a√∞ marka√∞ur sem st√Ωrt er af al√æj√≥√∞legum bruggsamsteypum eigi ekkert sameiginlegt me√∞ marka√∞i sem samanstendur n√¶stum alfari√∞ af litlum, innlendum framlei√∞endum."
Helsinki-NLP/opus-mt-tc-big-en-gmq,WMT,is,@user4 @user3 @user5 @user6,@user4 @user3 @user5 @user6,@user4 @user3 @user5 @user6
Helsinki-NLP/opus-mt-tc-big-en-gmq,WMT,is,"Judging by the state of our hospitals, the SNP's talk of recovery plans and action plans is simply that - talk, and dangerous talk at that. We must not allow incompetent politicians to lull us into complicity in the demise of that great British institution, the National Health Service.","A√∞ d√¶ma eftir √°standinu √° sj√∫krah√∫sum okkar, er r√¶√∞u SNP um bata√°√¶tlanir og a√∞ger√∞a√°√¶tlanir einfaldlega √æa√∞ - tala og h√¶ttuleg tala √° √æv√≠. Vi√∞ megum ekki leyfa √≥h√¶fum stj√≥rnm√°lam√∂nnum a√∞ r√≥a okkur √≠ samstarfi vi√∞ ni√∞urbrot √æessa mikla breska stofnun, National Health Service.","Af st√∂√∞unni √° sp√≠t√∂lum okkar a√∞ d√¶ma er lj√≥st a√∞ tal Skoska √æj√≥√∞arflokksins um a√∞ger√∞a√°√¶tlanir og endurreisnar√°√¶tlanir er ekkert anna√∞ en n√°kv√¶mlega √æa√∞: tal, og h√¶ttulegt tal ef √∫t √≠ √æa√∞ er fari√∞. Vi√∞ megum ekki leyfa √≥h√¶fum stj√≥rnm√°lam√∂nnum a√∞ f√° okkur til a√∞ l√≠ta √≠ hina √°ttina og gera okkur √æannig me√∞sek √≠ hruni mikilv√¶grar breskrar stofnunar √° bor√∞ vi√∞ NHS-heilbrig√∞iskerfi landsins."
Helsinki-NLP/opus-mt-tc-big-en-gmq,WMT,is,üö® breaking news:,brot fr√©ttir:,üö® n√Ωjustu fr√©ttir:
Helsinki-NLP/opus-mt-tc-big-en-gmq,WMT,is,This song is encapsulates my predicament‚Ä¶,√ûetta lag l√Ωsir √°hyggjum m√≠num...,√æetta lag n√¶r fullkomlega utan um vandam√°li√∞ mitt
Helsinki-NLP/opus-mt-tc-big-en-gmq,WMT,is,Both the old and the new Listing titles call it a 12V 10W panel.,B√¶√∞i gamla og n√Ωja listi titla kalla √æa√∞ 12V 10W spjaldi√∞.,B√¶√∞i gamla og n√Ωja l√Ωsingin segja a√∞ √æetta s√© 12 volta og 10 vatta sella.
Helsinki-NLP/opus-mt-tc-big-en-gmq,WMT,is,"Isn‚Äôt that funny? We have half the manpower left, and we can‚Äôt even refrain from hurting one another. I hastily sped up, Al‚Äôs was around the corner, so I would be fine inside. A glance behind me ensured that I was no longer being tailed as I stood in front of a bright glowing sign that read, ‚ÄúAlborn‚Äôs Pawnshop!‚Äù With slower steps, I entered once again‚Äìthis place was more under the cover, as Alborn would often take in people who‚Äôd been mutated and snuck into Paltricus. Upon opening the door, the lights had been shut off, interestingly enough‚Äìthere was no Al. No refugees. Nothing. Something wasn‚Äôt right here.","Er √æa√∞ ekki fyndi√∞? Vi√∞ h√∂fum helming mannvirki vinstri, og vi√∞ getum ekki einu sinni for√∞ast a√∞ mei√∞a hvert anna√∞. √âg fl√Ωtti skyndilega upp, Al er var handan vi√∞ horni√∞, svo √©g myndi ekki vera f√≠nt inni. A l√≠ta √° bak vi√∞ mig trygg√∞i a√∞ √©g v√¶ri ekki lengur tailed eins og √©g st√≥√∞ fyrir framan bj√∂rt gl√≥andi skilti sem lesa, ""Alborn er Pawnshop!"" Me√∞ h√¶gar skref, √©g inn aftur.","Er √æa√∞ ekki einkennilegt a√∞ okkur hefur f√¶kka√∞ um helming og samt tekst okkur ekki a√∞ komast hj√° √æv√≠ a√∞ vinna hvert √∂√∞ru mein? √âg greikka√∞i spori√∞. Ve√∞l√°nab√∫√∞ Als var bara hinum megin vi√∞ horni√∞ og √©g yr√∞i √≥hult √æegar √©g v√¶ri komin √æanga√∞ inn. √ûar sem √©g st√≥√∞ undir gl√≥andi skilti sem √° st√≥√∞ Ve√∞l√°nab√∫√∞ Alborns leit √©g vi√∞ til a√∞ ganga √∫r skugga um a√∞ enginn hef√∞i veitt m√©r eftirf√∂r. √âg h√¶g√∞i √° m√©r og steig inn √≠ √æessa kunnuglegu ver√∂ld. B√∫√∞in var h√°lfgert leynifylgsni √æar sem Alborn t√≥k oft √° m√≥ti st√∂kkbreyttu f√≥lki sem haf√∞i smygla√∞ s√©r lei√∞ inn √≠ Paltricus. Lj√≥sin voru sl√∂kkt √æegar √©g kom inn, og af einhverjum √°st√¶√∞um var Alborn hvergi a√∞ finna. H√©r voru engir fl√≥ttamenn og ekkert a√∞ sj√°. Eitthva√∞ var ekki eins og √æa√∞ √°tti a√∞ vera."
Helsinki-NLP/opus-mt-tc-big-en-gmq,WMT,is,These good quality stickers are about 50p each. They'll cost the same again to post. And way more in my own time to individually package and send them.,√ûessar g√≥√∞u l√≠mmi√∞ar eru um 50p hver. √ûeir munu kosta √æa√∞ sama aftur til a√∞ senda. Og miklu meira √° minn eigin t√≠ma til a√∞ pakka og senda √æ√°.,√ûessir h√°g√¶√∞a l√≠mmi√∞ar kosta um 50 pens hver. √ûa√∞ mun kosta √æa√∞ sama a√∞ p√≥stleggja √æ√°. Og meira en √æa√∞ hva√∞ var√∞ar t√≠mann sem √æa√∞ myndi taka mig a√∞ pakka hverjum og einum inn og senda √æ√°.
Helsinki-NLP/opus-mt-tc-big-en-gmq,WMT,is,So the challenges in this are already showing themselves. I'm likely going to have a VERY difficult time getting a medical clearance due to the FAA's stance on certain medications.,Svo √°skoranir √≠ √æessu eru n√∫ √æegar a√∞ s√Ωna sig. √âg mun l√≠klega eiga mj√∂g erfitt me√∞ a√∞ f√° l√¶knishj√°lp vegna afst√∂√∞u FAA √° tilteknum lyfjum.,"√ìkei, √æannig a√∞ √æa√∞ eru √Ωmsar √°skoranir n√∫ √æegar farnar a√∞ gera vart vi√∞ sig. √âg √° l√≠klega eftir a√∞ eiga MJ√ñG erfitt me√∞ a√∞ f√° l√¶knisleyfi vegna √æess hvernig FAA metur viss lyf."
Helsinki-NLP/opus-mt-tc-big-en-gmq,WMT,is,And just under the wire basically someone actually beat Trimming the Herbs! Really impressive.,Og r√©tt undir v√≠rnum sl√° einhver √≠ raun Trimming the Herbs! Mj√∂g √°hrifamikill.,Og alveg √° s√≠√∞asta sn√∫ningi eiginlega √æv√≠ einhverjum t√≥kst √≠ alv√∂runni a√∞ kl√°ra Klippa jurtirnar! Vel gert!
Helsinki-NLP/opus-mt-tc-big-en-gmq,WMT,is,Yea so I flew this today.,"J√¶ja, √©g fleyg√∞i √æessu √≠ dag.","J√¶ja, √æannig a√∞ √©g flaug √æessu √≠ dag."
Helsinki-NLP/opus-mt-tc-big-en-gmq,WMT,is,"So my dad can't give me rides to work. And for me, work is about 27 miles away. So there and back would be nearly a $100 a day with Uber. I haven't looked at Lyft. I could have, I guess, that makes sense. But I didn't have rental on my auto insurance, so that's my fault. So I guess I could have tried to do that and get that set up and tried to get a rental while I was down and out of a car. But even then, a rental wouldn't cover seven days. I'm going to sneeze, hold on. That sneeze sucked.","Svo pabbi minn getur ekki gefi√∞ m√©r r√≠√∞ur til a√∞ vinna. Og fyrir mig, vinna er um 27 m√≠lur √≠ burtu. Svo √æa√∞ og aftur v√¶ri n√¶stum $ 100 √° dag me√∞ Uber. √âg hef ekki liti√∞ √° Lyft. √âg g√¶ti haft, √©g b√Ωst vi√∞, √æa√∞ er skynsamlegt. En √©g haf√∞i ekki leigu √° b√≠latryggingunni minni, svo √æa√∞ er m√≠n s√∂k. Svo √©g b√Ωst vi√∞ a√∞ √©g g√¶ti reynt a√∞ halda √æv√≠ og f√° √æa√∞ sett upp og reynt ni√∞ur.","√ûannig a√∞ pabbi minn getur ekki skutla√∞ m√©r √≠ vinnuna, og fyrir mig er lei√∞in √≠ vinnuna alveg 27 m√≠lur, √æannig a√∞ fer√∞in fram og til baka me√∞ √úber v√¶ri n√¶stum 100 dollarar √° dag. √âg hef ekki sko√∞a√∞ Lyft, √©g hef√∞i kannski geta√∞ gert √æa√∞, √æa√∞ hef√∞i meika√∞ sens, en √©g var ekki me√∞ b√≠laleigutryggingu √° b√≠latryggingunum m√≠num, √æannig a√∞ √æa√∞ var m√©r a√∞ kenna. √ûannig a√∞ √©g b√Ωst vi√∞ a√∞ √©g hef√∞i geta√∞ reynt √æa√∞ og reynt a√∞ stilla √æv√≠ upp √æannig og fengi√∞ b√≠laleigub√≠l √° me√∞an √©g v√¶ri b√≠llaus. En jafnvel √æ√° myndi b√≠laleigub√≠ll ekki duga fyrir heila sj√∂ daga. √âg √æarf a√∞ hnerra, augnablik. √ûetta var l√©legur hnerri."
Helsinki-NLP/opus-mt-tc-big-en-gmq,WMT,is,Saturday Cont:,Laugardagur Cont:,Laugardagur frh:
Helsinki-NLP/opus-mt-tc-big-en-gmq,WMT,is,"Rosendale, a member of the hard-right Freedom Caucus, was one of the individuals who derailed the Wednesday votes. He views the top line number in Johnson's deal as being too high and as doing too little to cut the $34 trillion national debt.","Rosendale, me√∞limur √≠ har√∞a h√¶gri Freedom Caucus, var einn af √æeim einstaklingum sem afvegalei√∞a mi√∞vikudaginn atkv√¶√∞i. Hann l√≠tur √° efstu l√≠nu n√∫mer √≠ samningi Johnson er eins og a√∞ vera of h√°tt og eins og a√∞ gera of l√≠ti√∞ til a√∞ skera $ 34 trillj√≥n √æj√≥√∞arskuldir.","Rosendale, sem tilheyrir har√∞l√≠nu-h√¶gri√°hrifah√≥pnum Freedom Caucus, var einn af √æeim sem st√≥√∞ √≠ vegi fyrir atkv√¶√∞agrei√∞slunni √° mi√∞vikudaginn. Honum √æykir fj√°rh√¶√∞in √≠ frumvarpi Johnsons vera of h√° og gera l√≠ti√∞ til a√∞ saxa √° 34 billj√≥na dollara skuld √æj√≥√∞arb√∫sins."
Helsinki-NLP/opus-mt-tc-big-en-gmq,WMT,is,"South Wales four-piece The Now are proud to release their debut album, Too Hot To Handle, via True Music, and Callum joins me now. How are you doing, Callum? How's it going? Yeah, all good. Good, yourself? Yes, I'm very good. Thank you. It's a privilege to speak to yourselves because I've been listening to your music quite a lot since 2023. So I'm just loving the music, and I think it's something that we definitely need in the charts these days.","South Wales fj√∂gur stykki The Now eru stolt af a√∞ gefa √∫t fyrstu pl√∂tuna s√≠na, Too Hot To Handle, √≠ gegnum True Music, og Callum gengur til li√∞s vi√∞ mig n√∫na. Hvernig hefur√∞u √æa√∞, Callum? Hvernig gengur? J√°, allt gott. Gott, sj√°lfur? J√°, √©g er mj√∂g g√≥√∞ur. Takk. √ûa√∞ er forr√©ttindi a√∞ tala vi√∞ ykkur vegna √æess a√∞ √©g hef hlusta√∞ √° t√≥nlistina √æ√≠na alveg miki√∞ s√≠√∞an 2023. Svo √©g er bara a√∞ elska √æa√∞","The Now, kvartettinn fr√° Su√∞ur-Wales, er a√∞ gefa √∫t n√Ωja pl√∂tu sem √æeir eru stoltir af. Platan kemur √∫t hj√° True Music og ber titilinn Too Hot to handle, og Callum er m√¶ttur hinga√∞ til m√≠n. Hva√∞ segir √æ√∫ gott, Callum? Hvernig gengur? J√°, allt √≠ g√≥√∞u. Og √æ√∫ sj√°lfur? J√°, √©g er g√≥√∞ur. Takk fyrir. √ûa√∞ eru forr√©ttindi a√∞ f√° a√∞ tala vi√∞ ykkur √æar sem √©g hef veri√∞ a√∞ hlusta miki√∞ √° t√≥nlistina ykkar s√≠√∞an 2023. √ûannig a√∞ √©g er bara a√∞ f√≠la t√≥nlistina ykkar √≠ botn og finnst h√∫n vera eitthva√∞ sem okkur vantar inn √° topplistana √æessa dagana."
Helsinki-NLP/opus-mt-tc-big-en-gmq,WMT,is,"The results are in and, drum roll, please, it's completely consistent with my family history. 89.9% British and Irish with most of that concentrated in the scottish borders, western Ireland, Wales, and cornwall. It doesn't show much breton tho so either they're so close to cornish they don't show as different in me or my breton family wasn't originally from there.","Ni√∞urst√∂√∞ur eru √≠ og, tromma r√∫lla, vinsamlegast, √æa√∞ er alveg √≠ samr√¶mi vi√∞ fj√∂lskyldus√∂gu m√≠na. 89,9% Bretar og rar me√∞ mest af √æv√≠ einbeitt √≠ Scottish landam√¶rum, Vestur-rlandi, Wales, og Cornwall. √ûa√∞ s√Ωnir ekki miki√∞ breton tho svo anna√∞hvort √æeir eru svo n√°l√¶gt cornish √æeir s√Ωna ekki eins mismunandi √≠ m√©r e√∞a breton fj√∂lskyldan m√≠n var ekki upphaflega √æa√∞an.","Ni√∞urst√∂√∞urnar eru komnar og, b√≠√∞i√∞ eftir √æv√≠, √æ√¶r eru n√°kv√¶mlega eins og √¶tla m√¶tti √∫t fr√° fj√∂lskyldus√∂gu minni. 89,9% Breti og √çri, mestmegnis dreift me√∞fram landam√¶rum Skotlands, fr√° Vestur-√çrlandi, Wales og Cornwall. √ûa√∞ er ekkert svo miki√∞ fr√° Bretan√≠u, √æannig a√∞ anna√∞hvort er f√≥lki√∞ √æar of l√≠kt korn√≠sku f√≥lki e√∞a √æ√° a√∞ Bretan√≠uhluti fj√∂lskyldunnar er ekki √≠ alv√∂ru √æa√∞an."
Helsinki-NLP/opus-mt-tc-big-en-gmq,WMT,da,"However, Tenuk and Kayel quickly realized they weren't alone. A second dark creature shot out from beneath them, and Tenuk only just managed to avoid a collision.","Men Tenuk og Kayel inds√• hurtigt, at de ikke var alene. En anden m√∏rk v√¶sen skudt ud fra under dem, og Tenuk kun lige form√•et at undg√• en kollision.","Det gik dog hurtigt op for Tenuk og Kayel, at de ikke var alene. Et andet m√∏rkt v√¶sen sk√∏d ud under dem, og Tenuk undgik med n√∏d og n√¶ppe en kollision."
Helsinki-NLP/opus-mt-tc-big-en-gmq,WMT,da,"Tenuk hesitated, then stepped back, giving himself some space. With a low, slightly pained grunt, Tenuk's body stretched out, his fur replaced with scales and his arms replaced with wings. He quickly turned himself into a normal, light blue Thraki, but his eyes remained red.","Tenuk t√∏vede, tr√•dte derefter tilbage og gav sig selv lidt plads. Med en lav, let smertet grynt, Tenuks krop strakt ud, hans pels erstattet med skalaer og hans arme erstattet med vinger. Han forvandlede sig hurtigt til en normal, lysebl√• Thraki, men hans √∏jne forblev r√∏de.","Tenuk t√∏vede lidt, men tr√•dte s√• et skridt tilbage, s√• han fik lidt mere plads. Med et lavt, lettere smertefuldt grynt strakte Tenuks krop sig ud. Hans pels blev til sk√¶l, og hans arme blev til vinger. P√• et √∏jeblik var han forvandlet til en almindelig, lysebl√• thraki, men hans √∏jne var stadig r√∏de."
Helsinki-NLP/opus-mt-tc-big-en-gmq,WMT,da,"They wondered if she would actually let them enter, unlike the previous times they went to ask. I still have a bruise from the last time. Ivory chuckled from the memory. Kari had thrown a book at their shoulder, but when she saw who it was, she apologized immediately.","De spekulerede p√•, om hun faktisk ville lade dem komme ind, i mods√¶tning til de tidligere gange, de gik for at sp√∏rge. Jeg har stadig et bl√•t m√¶rke fra sidste gang. Elfenben chuckled fra hukommelsen. Kari havde kastet en bog p√• deres skulder, men da hun s√•, hvem det var, undskyldte hun straks.","De spekulerede p√•, om hun rent faktisk ville lade dem komme ind denne gang, til forskel fra de andre gange, hvor de havde spurgt. ""Jeg har stadig en bl√• plet fra sidste gang,"" fnisede Ivory ved tanken. Kari havde kastet en bog efter dem, men da hun s√•, hvem det var, havde hun straks sagt undskyld."
Helsinki-NLP/opus-mt-tc-big-en-gmq,WMT,da,"The ESP didn't go online immediately, let's give it a few minutes.","ESP gik ikke online med det samme, lad os give det et par minutter.","ESP'en kom ikke online endnu, lad os vente et par minutter."
Helsinki-NLP/opus-mt-tc-big-en-gmq,WMT,da,"Ignacio S√°nchez Recarte, secretary general of the Comit√© Europ√©en des Entreprises Vins trade association representing some 7,000 wine producers across Europe, is dismissive of the concerns of the beer makers. He told Euronews that a market dominated by multinational brewing conglomerates bears no comparison with one comprised almost entirely of small, domestic producers.","Ignacio S√°nchez Recarte, generalsekret√¶r for Comit√© Europ√©en des Entreprises Vins, der repr√¶senterer omkring 7.000 vinproducenter i hele Europa, er afvisende over for √∏lproducenternes bekymringer. Han fortalte Euronews, at et marked domineret af multinationale bryggerikonglomerater ikke b√¶rer nogen sammenligning med en, der n√¶sten udelukkende best√•r af sm√•, indenlandske producenter.","Ignacio S√°nchez Recarte, generalsekret√¶r for handelsforeningen Comit√© Europ√©en des Entreprises Vins, der repr√¶senterer omkring 7.000 vinproducenter i hele Europa, afviser √∏lproducenternes bekymringer. Han udtalte til Euronews, at et marked domineret af multinationale bryggerikonglomerater ikke kan sammenlignes med et marked, der n√¶sten udelukkende best√•r af sm√•, indenlandske producenter."
Helsinki-NLP/opus-mt-tc-big-en-gmq,WMT,da,@user4 @user3 @user5 @user6,@user4 @user3 @user5 @user6,@bruger4 @bruger3 @bruger5 @bruger6
Helsinki-NLP/opus-mt-tc-big-en-gmq,WMT,da,"Judging by the state of our hospitals, the SNP's talk of recovery plans and action plans is simply that - talk, and dangerous talk at that. We must not allow incompetent politicians to lull us into complicity in the demise of that great British institution, the National Health Service.","At d√∏mme efter vores hospitalers tilstand er SNP's tale om genopretningsplaner og handlingsplaner ganske enkelt det - snak og farlig snak om det. Vi m√• ikke tillade inkompetente politikere at lulle os ind i medskyldighed i den store britiske institutions, den nationale sundhedstjenestes, d√∏d.","At d√∏mme efter tilstanden p√• vores hospitaler, er SNP's snak om genopretningsplaner og handlingsplaner simpelthen det - snak, og farlig snak oven i k√∏bet. Vi m√• ikke tillade inkompetente politikere at lulle os ind i meddelagtighed i nedl√¶ggelsen af ‚Äã‚Äãden store britiske institution, National Health Service."
Helsinki-NLP/opus-mt-tc-big-en-gmq,WMT,da,üö® breaking news:,breaking news:,üö® seneste nyheder:
Helsinki-NLP/opus-mt-tc-big-en-gmq,WMT,da,This song is encapsulates my predicament‚Ä¶,Denne sang er indkapslet i min knibe...,Den her sang passer perfekt til mit dilemma...
Helsinki-NLP/opus-mt-tc-big-en-gmq,WMT,da,Both the old and the new Listing titles call it a 12V 10W panel.,B√•de de gamle og de nye listetitler kalder det et 12V 10W panel.,B√•de den gamle og den nye indholdsoverskrift kalder det et 12V 10W panel.
Helsinki-NLP/opus-mt-tc-big-en-gmq,WMT,da,"Isn‚Äôt that funny? We have half the manpower left, and we can‚Äôt even refrain from hurting one another. I hastily sped up, Al‚Äôs was around the corner, so I would be fine inside. A glance behind me ensured that I was no longer being tailed as I stood in front of a bright glowing sign that read, ‚ÄúAlborn‚Äôs Pawnshop!‚Äù With slower steps, I entered once again‚Äìthis place was more under the cover, as Alborn would often take in people who‚Äôd been mutated and snuck into Paltricus. Upon opening the door, the lights had been shut off, interestingly enough‚Äìthere was no Al. No refugees. Nothing. Something wasn‚Äôt right here.","Er det ikke sjovt? Vi har halvdelen af arbejdskraften tilbage, og vi kan ikke engang afst√• fra at skade hinanden. Jeg skyndte mig op, Al var rundt om hj√∏rnet, s√• jeg ville ikke v√¶re fint inde. Et blik bag mig sikrede, at jeg ikke l√¶ngere blev tailed, da jeg stod foran et lyst gl√∏dende skilt, der l√¶ste: ""Alborn's Pawnshop!"" Med langsommere trin var jeg kommet ind igen.","Er det ikke underligt? Der er kun halvdelen af styrken tilbage, og alligevel kan vi ikke lade v√¶re med at skade hinanden. Jeg skyndte mig at s√¶tte farten op, Al's l√• lige om hj√∏rnet, s√• jeg ville v√¶re i sikkerhed derinde. Med et blik bagud sikrede jeg mig, at jeg ikke l√¶ngere blev forfulgt, da jeg stod foran et lysende skilt med teksten: ""Alborn's Pawnshop!"" Med langsomme skridt gik jeg ind ‚Äì dette sted var et beskyttet sted, da Alborn ofte tog imod folk, der var blevet muteret og havde sneget sig ind i Paltricus. Da jeg √•bnede d√∏ren, var lyset m√¶rkeligt nok slukket ‚Äì og Al var der ikke. Ingen flygtninge, ingenting. Der var noget galt her."
Helsinki-NLP/opus-mt-tc-big-en-gmq,WMT,da,These good quality stickers are about 50p each. They'll cost the same again to post. And way more in my own time to individually package and send them.,Disse god kvalitet klisterm√¶rker er omkring 50p hver. De vil koste det samme igen at skrive. Og meget mere i min egen tid til individuelt at pakke og sende dem.,"Disse klisterm√¶rker, som er af god kvalitet, koster omkring 50 pence stykket. De vil koste omtrent det samme at sende. Og det vil koste endnu mere i forhold til den tid, det tager mig at pakke dem individuelt og sende dem."
Helsinki-NLP/opus-mt-tc-big-en-gmq,WMT,da,So the challenges in this are already showing themselves. I'm likely going to have a VERY difficult time getting a medical clearance due to the FAA's stance on certain medications.,S√• udfordringerne i dette viser sig allerede. Jeg vil sandsynligvis have en meget vanskelig tid at f√• en medicinsk godkendelse p√• grund af FAA's holdning til visse l√¶gemidler.,S√• udfordringerne i det her viser sig allerede. Jeg kommer h√∏jst sandsynligt til at have det MEGET sv√¶rt med at f√• en l√¶geerkl√¶ring p√• grund af FAA's holdning til visse former for medicin.
Helsinki-NLP/opus-mt-tc-big-en-gmq,WMT,da,And just under the wire basically someone actually beat Trimming the Herbs! Really impressive.,Og lige under wire dybest set nogen faktisk sl√• Trimming urter! Virkelig imponerende.,S√• stort set lige f√∏r m√•lstregen slog nogen faktisk Trimming the Herbs! Meget imponerende.
Helsinki-NLP/opus-mt-tc-big-en-gmq,WMT,da,Yea so I flew this today.,"Yeah, den har jeg fl√∏jet i dag.","Jah, i dag fl√∏j jeg denne."
Helsinki-NLP/opus-mt-tc-big-en-gmq,WMT,da,"So my dad can't give me rides to work. And for me, work is about 27 miles away. So there and back would be nearly a $100 a day with Uber. I haven't looked at Lyft. I could have, I guess, that makes sense. But I didn't have rental on my auto insurance, so that's my fault. So I guess I could have tried to do that and get that set up and tried to get a rental while I was down and out of a car. But even then, a rental wouldn't cover seven days. I'm going to sneeze, hold on. That sneeze sucked.","S√• min far kan ikke give mig rides til arbejde. Og for mig, arbejde er omkring 27 miles v√¶k. S√• der og tilbage ville v√¶re n√¶sten en $ 100 om dagen med Uber. Jeg har ikke kigget p√• Lyft. Jeg kunne have, jeg tror, det giver mening. Men jeg havde ikke leje p√• min bil forsikring, s√• det er min skyld. S√• jeg tror, jeg kunne have fors√∏gt at g√∏re det og f√• det sat op og fors√∏gte at f√• en udlejning, mens jeg var ude.","S√• min far kan ikke k√∏re mig p√• arbejde. Og for mig er arbejdet omkring 43 kilometer v√¶k. S√• frem og tilbage ville koste n√¶sten 700 kroner om dagen med Uber. Jeg har ikke tjekket Lyft. Det kunne jeg m√•ske have gjort, det giver mening. Men jeg havde ikke lejebil inkluderet i min bilforsikring, s√• det er min fejl. S√• jeg kunne nok have pr√∏vet at g√∏re det og f√• det ordnet og s√• pr√∏vet at leje en bil, mens jeg var uden bil. Men selv da ville en lejebil ikke d√¶kke syv dage. Jeg skal nyse, vent lige. Det nys var ikke godt."
Helsinki-NLP/opus-mt-tc-big-en-gmq,WMT,da,Saturday Cont:,L√∏rdag Kont:,L√∏rdag fortsat:
Helsinki-NLP/opus-mt-tc-big-en-gmq,WMT,da,"Rosendale, a member of the hard-right Freedom Caucus, was one of the individuals who derailed the Wednesday votes. He views the top line number in Johnson's deal as being too high and as doing too little to cut the $34 trillion national debt.","Rosendale, et medlem af den h√•rde h√∏jre Freedom Caucus, var en af de personer, der afsporede onsdagens stemmer. Han ser toplinjen i Johnsons aftale som v√¶rende for h√∏j og som g√∏r for lidt for at sk√¶re den nationale g√¶ld p√• $ 34 billioner.","Rosendale, et medlem af det h√•rde h√∏jre Freedom Caucus, var en af de personer, der blokerede onsdagens afstemninger. Han anser den samlede udgift i Johnsons aftale for at v√¶re for stor og at g√∏re for lidt til at besk√¶re den nationale g√¶ld p√• 34 billioner USD."
Helsinki-NLP/opus-mt-tc-big-en-gmq,WMT,da,"South Wales four-piece The Now are proud to release their debut album, Too Hot To Handle, via True Music, and Callum joins me now. How are you doing, Callum? How's it going? Yeah, all good. Good, yourself? Yes, I'm very good. Thank you. It's a privilege to speak to yourselves because I've been listening to your music quite a lot since 2023. So I'm just loving the music, and I think it's something that we definitely need in the charts these days.","South Wales fire-piece The Now er stolte af at frigive deres debutalbum, Too Hot To Handle, via True Music, og Callum slutter sig til mig nu. Hvordan har du det, Callum? Hvordan g√•r det? Ja, alt godt. Godt, dig selv? Ja, jeg er meget god. Tak. Det er et privilegium at tale med jer selv, fordi jeg har lyttet til din musik ret meget siden 2023. S√• jeg tror bare, at vi elsker musikken.","Den walisiske kvartet The Now er stolte af at udgive deres debutalbum, Too Hot To Handle, via True Music, og Callum slutter sig til mig nu. Hvordan har du det, Callum? Hvordan g√•r det? Ja, alt er godt. Godt, selv? Ja, jeg har det rigtig godt. Tak. Det er en √¶re at tale med jer, for jeg har lyttet en del til jeres musik siden 2023. Jeg elsker musikken, og jeg synes, det er noget, vi absolut har brug for p√• hitlisterne i disse dage."
Helsinki-NLP/opus-mt-tc-big-en-gmq,WMT,da,"The results are in and, drum roll, please, it's completely consistent with my family history. 89.9% British and Irish with most of that concentrated in the scottish borders, western Ireland, Wales, and cornwall. It doesn't show much breton tho so either they're so close to cornish they don't show as different in me or my breton family wasn't originally from there.","Resultaterne er i og, trommerulle, tak, det er helt i overensstemmelse med min familiehistorie. 89,9% britiske og irske med det meste af det koncentreret i de skotske gr√¶nser, vestlige Irland, Wales og cornwall. Det viser ikke meget breton tho s√• enten de er s√• t√¶t p√• cornish de ikke viser s√• anderledes i mig eller min breton familie var ikke oprindeligt derfra.","Resultaterne er kommet, og de er fuldst√¶ndig i overensstemmelse med min familiehistorie. Jeg er 89,9% britisk og irsk, med det meste er fra de skotske gr√¶nseomr√•der, det vestlige Irland, Wales og Cornwall. Der er dog ikke meget bretonsk, s√• enten er sl√¶gtskabet med kornisk s√• t√¶t, at det ikke kan ses i mig, eller ogs√• kom den bretonske del af min familie ikke derfra oprindeligt."
Helsinki-NLP/opus-mt-tc-big-en-gmq,TED,da,"Right, Mr. CFO, astrophysicist, ultra-marathoner?","Ikke sandt, hr. CFO, astrofysiker, ultra-maratonl√∏ber?","Ok, Hr. √òkonomidirekt√∏r, ultra maratonl√∏ber?"
Helsinki-NLP/opus-mt-tc-big-en-gmq,TED,da,We've gone beyond the capacity of the human mind to an extraordinary degree.,Vi er g√•et ud over det menneskelige sinds kapacitet i en ekstraordin√¶r grad.,Vi er rejst hinsides den menneskelige hjernes evner i en ekstraordin√¶r grad.
Helsinki-NLP/opus-mt-tc-big-en-gmq,TED,da,Right now there are 48 hours of video being uploaded to YouTube every single minute.,"Lige nu er der 48 timers video, der uploades til YouTube hvert eneste minut.",Lige nu bliver 48 timers video uploadet p√• YouTube hvert eneste minut.
Helsinki-NLP/opus-mt-tc-big-en-gmq,TED,da,"The person on the assembly line doesn't know because he doesn't know how to drill an oil well to get oil out to make plastic, and so on.","Personen p√• samleb√•ndet ved ikke, fordi han ikke ved, hvordan man borer en oliebr√∏nd for at f√• olie ud for at lave plast osv.","Personen ved samleb√•ndet ved det ikke, for han ved ikke, hvordan man borer en oliebr√∏nd og f√•r olie op, s√• man kan lave plastik osv."
Helsinki-NLP/opus-mt-tc-big-en-gmq,TED,da,And here every piece is very well planned.,Og her er hvert stykke meget godt planlagt.,Og her er alle dele vel planlagt.
Helsinki-NLP/opus-mt-tc-big-en-gmq,TED,da,"And in order to tackle this, we need to change the game.","Og for at tackle dette, er vi n√∏dt til at √¶ndre spillet.","For at h√•ndtere dette bliver vi n√∏dt til at √¶ndre spillets regler,"
Helsinki-NLP/opus-mt-tc-big-en-gmq,TED,da,"And to test this, I found an MRI lab that actually let me scan both my brain and the brain of a proven non-procrastinator, so I could compare them.","Og for at teste dette fandt jeg et MR-laboratorium, der faktisk lod mig scanne b√•de min hjerne og hjernen hos en bevist ikke-procrastinator, s√• jeg kunne sammenligne dem.","For at teste det, fandt jeg et MR-laboratorium, der b√•de scannede min hjerne og hjernen hos en person der ikke overspringshandler, s√• jeg kunne sammenligne dem."
Helsinki-NLP/opus-mt-tc-big-en-gmq,TED,da,"And the remarkable thing was that 18 month-old babies, just barely walking and talking, would give her the crackers if she liked the crackers, but they would give her the broccoli if she liked the broccoli.","Og det bem√¶rkelsesv√¶rdige var, at 18 m√•neder gamle babyer, der knap nok gik og talte, ville give hende kiksene, hvis hun kunne lide kiksene, men de ville give hende broccolien, hvis hun kunne lide broccolien.","Og det bem√¶rkelsesv√¶rdige er, at b√∏rn p√• 18 m√•neder, som kun lige havde l√¶rt at g√• og tale, ville give hende kiks, hvis hun kunne lide kiks, men de ville give hende broccoli, hvis hun kunne lide broccoli."
Helsinki-NLP/opus-mt-tc-big-en-gmq,TED,da,"Or immediately afterward, the Han Dynasty, still 2,000 years ago.","Eller umiddelbart efter, Han-dynastiet, stadig for 2.000 √•r siden.","Eller straks efter, Han-dynastiet, stadig 2.000 √•r siden."
Helsinki-NLP/opus-mt-tc-big-en-gmq,TED,da,"So late last year ‚Äî in November last year ‚Äî there was a series of well blowouts in Albania, like the well blowout in the Gulf of Mexico, but not quite as big.","S√• sent sidste √•r - i november sidste √•r - var der en r√¶kke godt blowouts i Albanien, ligesom godt blowout i Den Mexicanske Golf, men ikke helt s√• stor.","Alts√•, sent sidste √•r - i november sidste √•r - var der en r√¶kke eksplosioner af oliebr√∏nde i Albanien ligesom eksplosionen af oliebr√∏nden i den Mexikanske Golf men ikke helt liges√• store."
Helsinki-NLP/opus-mt-tc-big-en-gmq,TED,da,"CA: So that's the key bottleneck, basically journalistic volunteers and / or the funding of journalistic salaries?","CA: S√• det er den vigtigste flaskehals, dybest set journalistiske frivillige og / eller finansieringen af journalistiske l√∏nninger?","S√• det er den v√¶sentligste flaskehals, dybest set - frivillige journalister og / eller finansieringen af journalistl√∏nninger?"
Helsinki-NLP/opus-mt-tc-big-en-gmq,TED,da,You also see seashells ‚Äî as discovered by a team here in Oxford ‚Äî moving 125 miles inland from the Mediterranean in Algeria.,Du ser ogs√• muslingeskaller - som opdaget af et hold her i Oxford - bev√¶ger sig 125 miles inde i landet fra Middelhavet i Algeriet.,"Man finder ogs√• konkylier, som et hold her fra Oxford opdagede, der er transporteret 200km ind i landet fra Middelhavet til Algeriet."
Helsinki-NLP/opus-mt-tc-big-en-gmq,TED,da,"Dreadful, thumbs down, embarrassing ‚Äî thank you, these are great answers, but they're answers to a different question.","Forf√¶rdelig, tommelfinger ned, pinligt - tak, det er gode svar, men de er svar p√• et andet sp√∏rgsm√•l.","Elendigt, tommelfingeren nedad, pinligt ‚Äî tak, dette er fantastiske svar, men de er svar p√• et andet sp√∏rgsm√•l."
Helsinki-NLP/opus-mt-tc-big-en-gmq,TED,da,What is going on in this baby's mind?,Hvad foreg√•r der i denne babys sind?,Hvad sker der i dette barns sind?
Helsinki-NLP/opus-mt-tc-big-en-gmq,TED,da,"Basically, if we invest 27 billion dollars over the next eight years, we could avoid 28 new million cases of HIV / AIDS.","Hvis vi investerer 27 milliarder dollars i l√∏bet af de n√¶ste otte √•r, kan vi undg√• 28 nye millioner tilf√¶lde af hiv / aids.","Dybest set, hvis vi investerer 27 milliarder dollars over de n√¶ste otte √•r, kunne vi undg√• 28 nye millioner tilf√¶lde af HIV / AIDS."
Helsinki-NLP/opus-mt-tc-big-en-gmq,TED,da,"I mean, if you want an illustration of this, the Great Wall is one.","Jeg mener, hvis du vil have en illustration af dette, er Den Kinesiske Mur en.","Jeg mener, hvis I vil have et eksempel p√• det, er Den Kinesiske Mur et."
Helsinki-NLP/opus-mt-tc-big-en-gmq,TED,da,"I know that if you're not a trained brain expert, it's not that obvious, but just take a look, OK?","Jeg ved, at hvis du ikke er en uddannet hjerne ekspert, det er ikke s√• indlysende, men bare tage et kig, OK?","Jeg ved, at det ikke er s√• ligetil at se, hvis man ikke er hjerne-ekspert, men pr√∏v."
Helsinki-NLP/opus-mt-tc-big-en-gmq,TED,da,It's also important to not just think about this as individual cases.,Det er ogs√• vigtigt ikke bare at t√¶nke p√• dette som individuelle tilf√¶lde.,Det er ogs√• vigtigt ikke bare at se dette som en individuel sag.
Helsinki-NLP/opus-mt-tc-big-en-gmq,TED,da,"And if we do not, the question I think we need to ask ourselves ‚Äî and that's why it's on the economy session ‚Äî is to say, if we don't do all things, we really have to start asking ourselves, which ones should we solve first?","Og hvis vi ikke g√∏r det, er det sp√∏rgsm√•l, jeg tror, vi skal stille os selv - og det er derfor, det er p√• √∏konomisessionen - at sige, at hvis vi ikke g√∏r alle ting, skal vi virkelig begynde at sp√∏rge os selv, hvilke skal vi l√∏se f√∏rst?","Og hvis vi ikke g√∏r det, er sp√∏rgsm√•let, tror jeg, vi m√• stille os selv ‚Äî og det er derfor, det er p√• √∏konomisessionen ‚Äî er at sige, hvis vi ikke g√∏r alle ting, m√• vi virkelig starte med at sp√∏rge os selv, hvilke burde vi l√∏se f√∏rst?"
Helsinki-NLP/opus-mt-tc-big-en-gmq,TED,da,This is a time of need.,Det er en n√∏dens tid.,"Det er nu, vi har et behov."
Helsinki-NLP/opus-mt-tc-base-en-sh,montenegrin,cnr,"There is nothing I can do, without condemning myself, and that I will not do.","Ne postoji ni≈°ta ≈°to mogu uƒçiniti, bez osuƒëivanja sebe, i to neƒáu uƒçiniti.","Ni≈°ta ne mogu da uƒçinim, a da sam sebe ne optu≈æim, i zato ni≈°ta i neƒáu uƒçiniti."
Helsinki-NLP/opus-mt-tc-base-en-sh,montenegrin,cnr,"After the trial is over... after Channing's trial, then I'll tell you.","Nakon ≈°to se suƒëenje zavr≈°i... nakon Channingovog suƒëenja, onda ƒáu ti reƒái.","Nakon ≈°to se suƒëenje zavr≈°i... Poslije ƒåeningovog suƒëenja, onda ƒáu da vam ka≈æem."
Helsinki-NLP/opus-mt-tc-base-en-sh,montenegrin,cnr,"A Scottish army has ridden over the border and is harrying our people, spoiling fields, burning barns, and killing all those who oppose them.","≈†kotska vojska je jahala preko granice i hara na≈°im ljudima, kvari polja, pali ≈°tale i ubija sve one koji im se protive.","≈†kotska vojska je pre≈°la granicu i pljaƒçka na≈°e ljude, o≈°teƒáuje polja, pali ≈æito, i ubija sve one koji im se protive."
Helsinki-NLP/opus-mt-tc-base-en-sh,montenegrin,cnr,You stood right in that doorway and you invited me to your engagement party. HEWES:,Stajao si na vratima i pozvao me na veridbu.,Stajala si ba≈° tu i pozvala me na svoju vjeridbu.
Helsinki-NLP/opus-mt-tc-base-en-sh,montenegrin,cnr,"After all,we received only half the amount of gold that was promised.","Nakon svega, dobili smo samo polovinu zlata koje nam je obeƒáano.","Osim toga, dobili smo samo polovinu obeƒáanog zlata."
Helsinki-NLP/opus-mt-tc-base-en-sh,montenegrin,cnr,But very soon he will realize he is not swimming but drowning.,Ali uskoro ƒáe shvatiti da ne pliva veƒá se utapa.,Ali uskoro ƒáe da shvati da ne pliva nego da se davi.
Helsinki-NLP/opus-mt-tc-base-en-sh,montenegrin,cnr,I saw your name on his phone when you called last week.,Vidio sam tvoje ime na njegovom telefonu kad si zvao pro≈°li tjedan.,Vidjela sam kad si ga nazvala pro≈°le nedjelje.
Helsinki-NLP/opus-mt-tc-base-en-sh,montenegrin,cnr,-So is it true you have given your private rooms here to the Seymours?,Da li je istina da ste dali svoje privatne sobe Seymourima?,Da li je istina da ste va≈°e odaje na dvoru dali Simorovima?
Helsinki-NLP/opus-mt-tc-base-en-sh,montenegrin,cnr,"If you want me to go along with you, I need proof you can produce.","Ako ≈æeli≈° da idem s tobom, trebam dokaz da mo≈æe≈° producirati.","Ako ≈æelite da poslujemo, morate mi dati dokaz."
Helsinki-NLP/opus-mt-tc-base-en-sh,montenegrin,cnr,I call mary my english mare because I ride her so often.,Zovem Mary svojom engleskom kobilom jer je ƒçesto ja≈°em.,"Zovem moja Mer (eng. kobila), zato ≈°to sam je ƒçesto jahao."
Helsinki-NLP/opus-mt-tc-base-en-sh,montenegrin,cnr,And that it was necessary for the physician to have bled you.,I da je bilo neophodno da ti doktor iskrvari.,I da je bilo neophodno da vam ljekar pusti krv.
Helsinki-NLP/opus-mt-tc-base-en-sh,montenegrin,cnr,"If he felt obliged to curtail his progress and hurry back, only to find the Prince quite recovered...","Ako se osetio obaveznim da smanji svoj napredak i po≈æuri nazad, samo da bi prona≈°ao princa potpuno oporavljenog...",Ako bi prekinuo svoje putovanje i ≈æurno se vratio samo da sazna da je Princ veƒá oporavljen...
Helsinki-NLP/opus-mt-tc-base-en-sh,montenegrin,cnr,"But let me tell You, they have Plantagenet blood in their veins!","Ali da ti ka≈æem, imaju krv Plantageneta u venama!","Ali da ti ka≈æem ne≈°to, njihovim venama teƒçe krv Plantageneta!"
Helsinki-NLP/opus-mt-tc-base-en-sh,montenegrin,cnr,"And he was, like, who do you think you are, Ms. Parsons?","A on je bio, kao, ≈°to mislite tko ste vi, gƒëice Parsons?","- A on ƒáe: ≈†ta vi mislite ko ste, gƒëice Parsons?"
Helsinki-NLP/opus-mt-tc-base-en-sh,montenegrin,cnr,The guys are gonna be happy to see you-- It's good for morale.,Momci ƒáe biti sretni ≈°to te vide. To je dobro za moral.,"Momci ƒáe biti sreƒáni ≈°to vas vide, biƒáe dobro za moral."
Helsinki-NLP/opus-mt-tc-base-en-sh,montenegrin,cnr,"Huh... His Grace does not go into details, but... to allay Your Majesty's fears, he writes, in his own hand:","Njegova milost ne ulazi u detalje, ali... da bi ubla≈æila strahove Va≈°eg Veliƒçanstva, pi≈°e, u svojoj ruci:","Njegova milost ne ulazi u detalje, ali da bi odagnalo strahove Veliƒçanstva, pi≈°e sopstvenom rukom:"
Helsinki-NLP/opus-mt-tc-base-en-sh,montenegrin,cnr,And why are you not worthy when I deem you so?,I za≈°to nisi dostojan kad te tako smatram?,I za≈°to misli≈° da nijesi vrijedna kada ja mislim suprotno?
Helsinki-NLP/opus-mt-tc-base-en-sh,montenegrin,cnr,"America Works was illegal in the minds of many legal experts, myself included.","Amerika radi je bila ilegalna u mislima mnogih pravnih struƒçnjaka, ukljuƒçujuƒái i mene.","Mnogi pravni struƒçnjaci, ukljuƒçujuƒái i mene, smatraju da je program ‚ÄûAmerika radi‚Äú nezakonit."
Helsinki-NLP/opus-mt-tc-base-en-sh,montenegrin,cnr,"though evil men pray louder, seek penance, and think themselves closer to heaven than I am.","Iako se zli ljudi mole glasnije, tra≈æe pokoru i misle da su bli≈æe nebu od mene.","jer se zao ƒçovjek moli glasnije, tra≈æeƒái pokoru, i misli da je time bli≈æi raju od mene."
Helsinki-NLP/opus-mt-tc-base-en-sh,montenegrin,cnr,- Hm... Kind of takes the wind out of the sails if there's no hurricane.,Nekako izvlaƒçi vjetar iz jedara ako nema uragana.,Bez uragana nemam vjetar u jedra.
